recommender,shrink,topk,similarity,normalization,MAP
ItemKNNCFRecommender,104,370,rp3beta,tfidf,0.00491737846831648
ItemKNNCFRecommender,98,1293,rp3beta,bm25plus,0.004970187225587358
ItemKNNCFRecommender,54,585,rp3beta,tfidf,0.004947986400847604
ItemKNNCFRecommender,74,1058,rp3beta,tfidf,0.00503778323419201
ItemKNNCFRecommender,129,848,rp3beta,bm25plus,0.004909053019880595
ItemKNNCFRecommender,14,1765,rp3beta,bm25plus,0.0049255729731891304
ItemKNNCFRecommender,59,1758,rp3beta,bm25plus,0.005005744541049016
ItemKNNCFRecommender,160,132,rp3beta,bm25plus,0.004807627271029214
ItemKNNCFRecommender,47,415,rp3beta,tfidf,0.004883353087976705
ItemKNNCFRecommender,24,765,rp3beta,tfidf,0.0049044900560570375
ItemKNNCFRecommender,194,1353,rp3beta,bm25plus,0.0048563507153311135
ItemKNNCFRecommender,132,1653,rp3beta,tfidf,0.00497523529305918
ItemKNNCFRecommender,111,1168,rp3beta,bm25plus,0.00493214569807832
ItemKNNCFRecommender,177,310,rp3beta,bm25plus,0.004850006486963435
ItemKNNCFRecommender,63,1491,rp3beta,tfidf,0.005037738808631592
ItemKNNCFRecommender,133,1007,rp3beta,bm25plus,0.0049044825934409925
ItemKNNCFRecommender,152,1515,rp3beta,bm25plus,0.004897933842983122
ItemKNNCFRecommender,170,1342,rp3beta,tfidf,0.004926663551836939
ItemKNNCFRecommender,173,782,rp3beta,tfidf,0.004912797077288533
ItemKNNCFRecommender,70,206,rp3beta,bm25plus,0.0048217810932625746
ItemKNNCFRecommender,82,1739,rp3beta,tfidf,0.005020833847090425
ItemKNNCFRecommender,170,330,rp3beta,tfidf,0.00487290983028017
ItemKNNCFRecommender,149,1735,rp3beta,bm25plus,0.004905874862286791
ItemKNNCFRecommender,90,1482,rp3beta,bm25plus,0.004968650085990812
ItemKNNCFRecommender,31,1054,rp3beta,tfidf,0.004978195724258542
ItemKNNCFRecommender,164,1423,rp3beta,tfidf,0.004922961502494272
ItemKNNCFRecommender,104,655,rp3beta,tfidf,0.004945512438302515
ItemKNNCFRecommender,51,305,rp3beta,tfidf,0.004845813953785722
ItemKNNCFRecommender,54,801,rp3beta,bm25plus,0.004950992940548069
ItemKNNCFRecommender,161,694,rp3beta,bm25plus,0.004857324435690828
ItemKNNCFRecommender,40,1817,rp3beta,bm25plus,0.0050017611499262845
ItemKNNCFRecommender,133,593,rp3beta,tfidf,0.0049298000985185985
ItemKNNCFRecommender,161,183,rp3beta,bm25plus,0.0048285581285110735
ItemKNNCFRecommender,73,237,rp3beta,tfidf,0.004856236389111
ItemKNNCFRecommender,160,1590,rp3beta,tfidf,0.004933320352446061
ItemKNNCFRecommender,64,1194,rp3beta,tfidf,0.005036819927616921
ItemKNNCFRecommender,161,1062,rp3beta,bm25plus,0.0048705287672813355
ItemKNNCFRecommender,126,127,rp3beta,tfidf,0.004859082370457767
ItemKNNCFRecommender,152,582,rp3beta,bm25plus,0.00484658414990004
ItemKNNCFRecommender,39,904,rp3beta,tfidf,0.00500458784124531
ItemKNNCFRecommender,66,823,rp3beta,bm25plus,0.00495755612636662
ItemKNNCFRecommender,194,1658,rp3beta,tfidf,0.0049100692907349955
ItemKNNCFRecommender,123,719,rp3beta,bm25plus,0.0049051108619952285
ItemKNNCFRecommender,56,841,rp3beta,tfidf,0.005003725083381337
ItemKNNCFRecommender,190,1525,rp3beta,tfidf,0.004910941830484714
ItemKNNCFRecommender,81,1648,rp3beta,tfidf,0.0050173589708210325
ItemKNNCFRecommender,93,1926,rp3beta,bm25plus,0.004979289724063494
ItemKNNCFRecommender,61,511,rp3beta,tfidf,0.004949999381225819
ItemKNNCFRecommender,152,1113,rp3beta,bm25plus,0.004890776430700673
ItemKNNCFRecommender,158,1656,rp3beta,bm25plus,0.004896008786889672
ItemKNNCFRecommender,103,730,rp3beta,bm25plus,0.004937135307608205
ItemKNNCFRecommender,118,1325,rp3beta,tfidf,0.00498457546436936
ItemKNNCFRecommender,185,1601,rp3beta,bm25plus,0.0048678356529238825
ItemKNNCFRecommender,170,639,rp3beta,tfidf,0.004917586897304309
ItemKNNCFRecommender,169,638,rp3beta,bm25plus,0.004848919458773011
ItemKNNCFRecommender,102,1775,rp3beta,bm25plus,0.004944920988075149
ItemKNNCFRecommender,75,181,rp3beta,bm25plus,0.004833760931754936
ItemKNNCFRecommender,53,790,rp3beta,bm25plus,0.004945584665467487
ItemKNNCFRecommender,72,1729,rp3beta,tfidf,0.005036064101519155
ItemKNNCFRecommender,134,1275,rp3beta,bm25plus,0.004910483089933233
ItemKNNCFRecommender,191,1119,rp3beta,tfidf,0.004904103143855154
ItemKNNCFRecommender,197,1393,rp3beta,bm25plus,0.004852963169452623
ItemKNNCFRecommender,40,1750,rp3beta,tfidf,0.005016920189660985
ItemKNNCFRecommender,97,1846,rp3beta,tfidf,0.00500164895716315
ItemKNNCFRecommender,68,1779,rp3beta,bm25plus,0.005003924002640123
ItemKNNCFRecommender,88,1075,rp3beta,tfidf,0.005004591650609931
ItemKNNCFRecommender,151,1125,rp3beta,tfidf,0.004945882189125691
ItemKNNCFRecommender,171,101,rp3beta,tfidf,0.004847584148501455
ItemKNNCFRecommender,84,1387,rp3beta,bm25plus,0.004983873518672893
ItemKNNCFRecommender,10,1752,rp3beta,tfidf,0.004879103085869609
ItemKNNCFRecommender,98,634,rp3beta,tfidf,0.0049522511239008665
ItemKNNCFRecommender,87,1231,rp3beta,tfidf,0.005000840590428198
ItemKNNCFRecommender,28,567,rp3beta,bm25plus,0.004880513577262419
ItemKNNCFRecommender,184,478,rp3beta,bm25plus,0.00483037324589606
ItemKNNCFRecommender,120,1971,rp3beta,bm25plus,0.00492901868406139
ItemKNNCFRecommender,54,1689,rp3beta,bm25plus,0.005002148336964307
ItemKNNCFRecommender,39,1092,rp3beta,tfidf,0.005013348222162627
ItemKNNCFRecommender,74,364,rp3beta,tfidf,0.004898050426175673
ItemKNNCFRecommender,148,742,rp3beta,bm25plus,0.004873932114246947
ItemKNNCFRecommender,152,1220,rp3beta,tfidf,0.004940377560895285
ItemKNNCFRecommender,197,613,rp3beta,tfidf,0.004878587038501935
ItemKNNCFRecommender,62,1633,rp3beta,bm25plus,0.00500493138686986
ItemKNNCFRecommender,52,588,rp3beta,tfidf,0.0049505916895786544
ItemKNNCFRecommender,51,1296,rp3beta,tfidf,0.005042592128461996
ItemKNNCFRecommender,131,859,rp3beta,tfidf,0.004961958629367726
ItemKNNCFRecommender,53,682,rp3beta,tfidf,0.004985810356080141
ItemKNNCFRecommender,64,1059,rp3beta,tfidf,0.0050349377880338575
ItemKNNCFRecommender,191,1606,rp3beta,bm25plus,0.004863742039646663
ItemKNNCFRecommender,26,286,rp3beta,bm25plus,0.004728727441237678
ItemKNNCFRecommender,188,639,rp3beta,bm25plus,0.004834951823505446
ItemKNNCFRecommender,152,920,rp3beta,tfidf,0.0049289398634314975
ItemKNNCFRecommender,90,399,rp3beta,tfidf,0.004919092903889345
ItemKNNCFRecommender,194,1219,rp3beta,tfidf,0.004901214048495801
ItemKNNCFRecommender,17,555,rp3beta,bm25plus,0.004812275149388309
ItemKNNCFRecommender,47,1091,rp3beta,bm25plus,0.004989468953866657
ItemKNNCFRecommender,56,1061,rp3beta,bm25plus,0.0049967848776442765
ItemKNNCFRecommender,48,1269,rp3beta,bm25plus,0.005004533269260138
ItemKNNCFRecommender,154,1293,rp3beta,tfidf,0.004949279495217986
ItemKNNCFRecommender,63,395,rp3beta,bm25plus,0.004898937428177014
ItemKNNCFRecommender,81,1337,rp3beta,tfidf,0.005017604146681474
ItemKNNCFRecommender,68,1958,rp3beta,tfidf,0.005035501003995112
ItemKNNCFRecommender,134,1408,rp3beta,tfidf,0.004970831348348227
ItemKNNCFRecommender,124,1852,rp3beta,bm25plus,0.0049243428595911265
ItemKNNCFRecommender,177,497,rp3beta,bm25plus,0.004835376293375714
ItemKNNCFRecommender,193,812,rp3beta,bm25plus,0.004843691452820828
ItemKNNCFRecommender,125,937,rp3beta,tfidf,0.00496536454510576
ItemKNNCFRecommender,55,311,rp3beta,bm25plus,0.004848703788378442
ItemKNNCFRecommender,159,1112,rp3beta,tfidf,0.004929285493662648
ItemKNNCFRecommender,29,1723,rp3beta,tfidf,0.005000198713907444
ItemKNNCFRecommender,104,165,rp3beta,bm25plus,0.004837794130591229
ItemKNNCFRecommender,104,753,rp3beta,tfidf,0.004969807084573795
ItemKNNCFRecommender,105,1873,rp3beta,bm25plus,0.0049408779219515
ItemKNNCFRecommender,139,1945,rp3beta,tfidf,0.004972711849519604
ItemKNNCFRecommender,13,448,rp3beta,bm25plus,0.004729859316958666
ItemKNNCFRecommender,145,711,rp3beta,bm25plus,0.004869906298031916
ItemKNNCFRecommender,68,640,rp3beta,bm25plus,0.004919830890584567
ItemKNNCFRecommender,178,1540,rp3beta,tfidf,0.00491501014271344
ItemKNNCFRecommender,109,398,rp3beta,tfidf,0.004914562583498378
ItemKNNCFRecommender,108,1648,rp3beta,tfidf,0.005002821057746215
ItemKNNCFRecommender,40,1503,rp3beta,bm25plus,0.005003121698466549
ItemKNNCFRecommender,192,261,rp3beta,tfidf,0.004854640060892424
ItemKNNCFRecommender,93,1611,rp3beta,tfidf,0.005001730468320604
ItemKNNCFRecommender,71,1932,rp3beta,bm25plus,0.004997046521872536
ItemKNNCFRecommender,195,1541,rp3beta,tfidf,0.00489736607282077
ItemKNNCFRecommender,89,359,rp3beta,tfidf,0.004907336824591419
ItemKNNCFRecommender,128,1799,rp3beta,tfidf,0.004980429077292727
ItemKNNCFRecommender,189,1211,rp3beta,bm25plus,0.004856393997891786
ItemKNNCFRecommender,144,1944,rp3beta,tfidf,0.004961917593854343
ItemKNNCFRecommender,12,1548,rp3beta,bm25plus,0.00489170066459283
ItemKNNCFRecommender,170,1129,rp3beta,tfidf,0.004916336015786654
ItemKNNCFRecommender,93,1989,rp3beta,tfidf,0.005008561051243588
ItemKNNCFRecommender,20,934,rp3beta,tfidf,0.004916360832685389
ItemKNNCFRecommender,184,1067,rp3beta,bm25plus,0.004865650149098608
ItemKNNCFRecommender,30,863,rp3beta,tfidf,0.004951282141670193
ItemKNNCFRecommender,69,1689,rp3beta,bm25plus,0.005007093655424629
ItemKNNCFRecommender,75,123,rp3beta,tfidf,0.004856932767110948
ItemKNNCFRecommender,55,1154,rp3beta,tfidf,0.005032447369586635
ItemKNNCFRecommender,22,344,rp3beta,tfidf,0.004748297875761354
ItemKNNCFRecommender,102,541,rp3beta,bm25plus,0.004912339147443659
ItemKNNCFRecommender,39,258,rp3beta,bm25plus,0.004784881840432756
ItemKNNCFRecommender,156,678,rp3beta,bm25plus,0.004860250638748213
ItemKNNCFRecommender,120,1763,rp3beta,tfidf,0.004997202481972851
ItemKNNCFRecommender,121,733,rp3beta,bm25plus,0.00491369108885577
ItemKNNCFRecommender,134,381,rp3beta,bm25plus,0.004866480693902441
ItemKNNCFRecommender,183,1723,rp3beta,bm25plus,0.004876575077491178
ItemKNNCFRecommender,179,1388,rp3beta,tfidf,0.004912892886326548
ItemKNNCFRecommender,67,215,rp3beta,bm25plus,0.0048155592174448465
ItemKNNCFRecommender,139,1428,rp3beta,tfidf,0.004967369406833648
ItemKNNCFRecommender,133,839,rp3beta,bm25plus,0.004903172204015848
ItemKNNCFRecommender,78,758,rp3beta,bm25plus,0.004945965064102521
ItemKNNCFRecommender,38,1508,rp3beta,tfidf,0.005022002561773208
ItemKNNCFRecommender,141,1680,rp3beta,bm25plus,0.0049076729767947485
ItemKNNCFRecommender,111,1940,rp3beta,bm25plus,0.004938484790326245
ItemKNNCFRecommender,18,611,rp3beta,bm25plus,0.004858757613957355
ItemKNNCFRecommender,129,559,rp3beta,bm25plus,0.004892394601040069
ItemKNNCFRecommender,48,975,rp3beta,tfidf,0.005005937547896806
ItemKNNCFRecommender,180,890,rp3beta,bm25plus,0.004854666558536405
ItemKNNCFRecommender,125,1609,rp3beta,tfidf,0.00498651498297305
ItemKNNCFRecommender,177,1747,rp3beta,bm25plus,0.0048771227605343215
ItemKNNCFRecommender,142,1066,rp3beta,bm25plus,0.0048842037700525765
ItemKNNCFRecommender,113,1018,rp3beta,bm25plus,0.004936674605949982
ItemKNNCFRecommender,69,557,rp3beta,tfidf,0.004956979118128303
ItemKNNCFRecommender,29,479,rp3beta,tfidf,0.004881417689314843
ItemKNNCFRecommender,104,784,rp3beta,bm25plus,0.004945772684587557
ItemKNNCFRecommender,45,1571,rp3beta,bm25plus,0.004992737874933556
ItemKNNCFRecommender,58,622,rp3beta,tfidf,0.004965724148667271
ItemKNNCFRecommender,38,1375,rp3beta,tfidf,0.005028736217214585
ItemKNNCFRecommender,64,1292,rp3beta,bm25plus,0.0050079212513982315
ItemKNNCFRecommender,95,756,rp3beta,tfidf,0.004979811681485751
ItemKNNCFRecommender,158,882,rp3beta,bm25plus,0.004862980760592824
ItemKNNCFRecommender,112,757,rp3beta,bm25plus,0.004931983129467053
ItemKNNCFRecommender,34,1138,rp3beta,bm25plus,0.004977763492270066
ItemKNNCFRecommender,170,1242,rp3beta,bm25plus,0.004865636245600349
ItemKNNCFRecommender,39,1862,rp3beta,bm25plus,0.005000008917471303
ItemKNNCFRecommender,13,854,rp3beta,tfidf,0.004880546035674653
ItemKNNCFRecommender,81,269,rp3beta,tfidf,0.004876793955239655
ItemKNNCFRecommender,79,1907,rp3beta,bm25plus,0.004988817488901491
ItemKNNCFRecommender,161,630,rp3beta,tfidf,0.004914370583687317
ItemKNNCFRecommender,148,971,rp3beta,bm25plus,0.004878330533824368
ItemKNNCFRecommender,77,1220,rp3beta,bm25plus,0.005000525651118253
ItemKNNCFRecommender,75,1588,rp3beta,tfidf,0.005031106374856676
ItemKNNCFRecommender,113,1176,rp3beta,bm25plus,0.004925858291348265
ItemKNNCFRecommender,118,1105,rp3beta,tfidf,0.00497850391764501
ItemKNNCFRecommender,46,945,rp3beta,bm25plus,0.004971351868147243
ItemKNNCFRecommender,196,1919,rp3beta,tfidf,0.004900431335483619
ItemKNNCFRecommender,125,180,rp3beta,tfidf,0.004869777130687364
ItemKNNCFRecommender,102,1285,rp3beta,tfidf,0.004996600796709952
ItemKNNCFRecommender,181,418,rp3beta,tfidf,0.004887344367921449
ItemKNNCFRecommender,65,474,rp3beta,bm25plus,0.004897261297815315
ItemKNNCFRecommender,129,258,rp3beta,tfidf,0.004885800370844834
ItemKNNCFRecommender,89,366,rp3beta,bm25plus,0.00487966622115486
ItemKNNCFRecommender,17,374,rp3beta,tfidf,0.004739811352162078
ItemKNNCFRecommender,118,1268,rp3beta,tfidf,0.004976827508330371
ItemKNNCFRecommender,137,382,rp3beta,tfidf,0.004911890491375383
ItemKNNCFRecommender,34,1334,rp3beta,tfidf,0.0050148418405888085
ItemKNNCFRecommender,44,1127,rp3beta,bm25plus,0.00498476147488854
ItemKNNCFRecommender,132,876,rp3beta,tfidf,0.004964469393002261
ItemKNNCFRecommender,137,312,rp3beta,bm25plus,0.004851773669181079
ItemKNNCFRecommender,71,1738,rp3beta,bm25plus,0.005001459081637291
ItemKNNCFRecommender,145,1319,rp3beta,tfidf,0.004955499240468834
ItemKNNCFRecommender,176,1538,rp3beta,bm25plus,0.004866807206195425
ItemKNNCFRecommender,53,1079,rp3beta,bm25plus,0.004992181929353253
ItemKNNCFRecommender,83,1861,rp3beta,tfidf,0.0050144604484079055
ItemKNNCFRecommender,46,1121,rp3beta,bm25plus,0.004982012870148876
ItemKNNCFRecommender,50,1118,rp3beta,tfidf,0.005022925796742476
ItemKNNCFRecommender,171,1312,rp3beta,bm25plus,0.0048622622757450796
ItemKNNCFRecommender,56,1861,rp3beta,tfidf,0.005026034076703406
ItemKNNCFRecommender,72,652,rp3beta,tfidf,0.004991555002471215
ItemKNNCFRecommender,101,1223,rp3beta,tfidf,0.004980210091769205
ItemKNNCFRecommender,70,1838,rp3beta,bm25plus,0.004999978972114446
ItemKNNCFRecommender,73,1086,rp3beta,bm25plus,0.005002585768100707
ItemKNNCFRecommender,28,838,rp3beta,tfidf,0.004927929054740459
ItemKNNCFRecommender,21,856,rp3beta,tfidf,0.004915276863345087
ItemKNNCFRecommender,121,805,rp3beta,bm25plus,0.0049359124040390815
ItemKNNCFRecommender,15,958,rp3beta,tfidf,0.004880512332723154
ItemKNNCFRecommender,48,1401,rp3beta,bm25plus,0.005011793371600946
ItemKNNCFRecommender,101,1740,rp3beta,tfidf,0.005004878623455747
ItemKNNCFRecommender,24,1455,rp3beta,tfidf,0.004982311367837672
ItemKNNCFRecommender,142,393,rp3beta,bm25plus,0.004885231843929348
ItemKNNCFRecommender,158,632,rp3beta,bm25plus,0.0048604861206518815
ItemKNNCFRecommender,138,1172,rp3beta,tfidf,0.00496274519639053
ItemKNNCFRecommender,167,251,rp3beta,tfidf,0.004884226431209477
ItemKNNCFRecommender,53,117,rp3beta,bm25plus,0.0047837367761468285
ItemKNNCFRecommender,124,1060,rp3beta,bm25plus,0.004914396599836426
ItemKNNCFRecommender,160,1386,rp3beta,tfidf,0.004932367145476774
ItemKNNCFRecommender,11,1336,rp3beta,tfidf,0.004857989762742346
ItemKNNCFRecommender,84,1339,rp3beta,tfidf,0.005012809495640882
ItemKNNCFRecommender,121,1232,rp3beta,tfidf,0.004979761852797418
ItemKNNCFRecommender,152,1372,rp3beta,tfidf,0.0049532289363263295
ItemKNNCFRecommender,30,1883,rp3beta,bm25plus,0.004990529149259352
ItemKNNCFRecommender,65,1351,rp3beta,tfidf,0.005040725436806225
ItemKNNCFRecommender,52,223,rp3beta,tfidf,0.0048277412055987975
ItemKNNCFRecommender,183,1304,rp3beta,tfidf,0.004905106486163329
ItemKNNCFRecommender,200,288,rp3beta,tfidf,0.004858711140832487
ItemKNNCFRecommender,135,1597,rp3beta,bm25plus,0.0049049978810363
ItemKNNCFRecommender,55,1975,rp3beta,tfidf,0.005029871724784164
ItemKNNCFRecommender,177,344,rp3beta,bm25plus,0.00484422778714332
ItemKNNCFRecommender,10,623,rp3beta,bm25plus,0.00477484038537062
ItemKNNCFRecommender,97,1418,rp3beta,bm25plus,0.004964266747455767
ItemKNNCFRecommender,46,1041,rp3beta,bm25plus,0.004990664466710418
ItemKNNCFRecommender,34,673,rp3beta,bm25plus,0.004900517736428862
ItemKNNCFRecommender,121,1872,rp3beta,bm25plus,0.004931809907010891
ItemKNNCFRecommender,128,1954,rp3beta,bm25plus,0.0049176399575407625
ItemKNNCFRecommender,15,1681,rp3beta,tfidf,0.004941884698740213
ItemKNNCFRecommender,157,1048,rp3beta,bm25plus,0.0048785681581376165
ItemKNNCFRecommender,61,1684,rp3beta,tfidf,0.0050365340951637185
ItemKNNCFRecommender,77,583,rp3beta,bm25plus,0.004928447604213297
ItemKNNCFRecommender,26,189,rp3beta,tfidf,0.004799239140360549
ItemKNNCFRecommender,160,603,rp3beta,tfidf,0.004909814598814649
ItemKNNCFRecommender,38,1181,rp3beta,tfidf,0.005012586190820155
