recommender,shrink,topk,similarity,normalization,MAP
ItemKNNCFRecommender,100,258,rp3beta,bm25plus,0.04065634288418083
ItemKNNCFRecommender,91,912,rp3beta,tfidf,0.04075298791993753
ItemKNNCFRecommender,135,689,rp3beta,tfidf,0.03941636944380709
ItemKNNCFRecommender,180,1676,rp3beta,bm25plus,0.03859644460106998
ItemKNNCFRecommender,96,141,rp3beta,bm25plus,0.0411180669314615
ItemKNNCFRecommender,23,866,rp3beta,tfidf,0.04361569112369671
ItemKNNCFRecommender,26,1886,rp3beta,tfidf,0.043382172584906536
ItemKNNCFRecommender,79,1593,rp3beta,tfidf,0.04115815758274514
ItemKNNCFRecommender,30,213,rp3beta,tfidf,0.043791759838026356
ItemKNNCFRecommender,44,326,rp3beta,tfidf,0.04301878115994601
ItemKNNCFRecommender,67,1092,rp3beta,bm25plus,0.04153929543859893
ItemKNNCFRecommender,13,971,rp3beta,tfidf,0.044050427651128876
ItemKNNCFRecommender,62,126,rp3beta,tfidf,0.04244052602187179
ItemKNNCFRecommender,78,1918,rp3beta,tfidf,0.041213478887237635
ItemKNNCFRecommender,179,470,rp3beta,bm25plus,0.03849171334091642
ItemKNNCFRecommender,188,167,rp3beta,tfidf,0.03815047408151134
ItemKNNCFRecommender,131,275,rp3beta,tfidf,0.039549452363750855
ItemKNNCFRecommender,42,1666,rp3beta,bm25plus,0.042405141022102494
ItemKNNCFRecommender,33,821,rp3beta,tfidf,0.04317443392205578
ItemKNNCFRecommender,199,1329,rp3beta,bm25plus,0.038174276732040525
ItemKNNCFRecommender,135,517,rp3beta,tfidf,0.03946518758029002
ItemKNNCFRecommender,110,849,rp3beta,bm25plus,0.04011441653875433
ItemKNNCFRecommender,12,902,rp3beta,tfidf,0.04419521627358038
ItemKNNCFRecommender,123,1626,rp3beta,bm25plus,0.03989455536913001
ItemKNNCFRecommender,20,1899,rp3beta,bm25plus,0.04328809658423156
ItemKNNCFRecommender,67,1059,rp3beta,bm25plus,0.04154359280150811
ItemKNNCFRecommender,194,212,rp3beta,tfidf,0.03800263370267682
ItemKNNCFRecommender,32,1003,rp3beta,bm25plus,0.04289916155568139
ItemKNNCFRecommender,83,731,rp3beta,bm25plus,0.04104091264364104
ItemKNNCFRecommender,197,1171,rp3beta,bm25plus,0.038164421637286
ItemKNNCFRecommender,125,1162,rp3beta,bm25plus,0.039769775915506754
ItemKNNCFRecommender,126,1331,rp3beta,tfidf,0.03967743481851835
ItemKNNCFRecommender,54,405,rp3beta,tfidf,0.04239281459488443
ItemKNNCFRecommender,100,1135,rp3beta,tfidf,0.04040741102987922
ItemKNNCFRecommender,22,1240,rp3beta,bm25plus,0.043325673789214016
ItemKNNCFRecommender,140,1193,rp3beta,tfidf,0.03935699053134404
ItemKNNCFRecommender,42,1156,rp3beta,bm25plus,0.0424491737574629
ItemKNNCFRecommender,30,1554,rp3beta,tfidf,0.0431899587292994
ItemKNNCFRecommender,85,510,rp3beta,bm25plus,0.04103817916545196
ItemKNNCFRecommender,17,1429,rp3beta,tfidf,0.04379919441270467
ItemKNNCFRecommender,123,1743,rp3beta,tfidf,0.039824549658625995
ItemKNNCFRecommender,170,1352,rp3beta,bm25plus,0.03876154618156191
ItemKNNCFRecommender,184,580,rp3beta,tfidf,0.038249254146096416
ItemKNNCFRecommender,48,696,rp3beta,tfidf,0.0425411972141058
ItemKNNCFRecommender,59,1324,rp3beta,tfidf,0.04179963453216223
ItemKNNCFRecommender,176,781,rp3beta,tfidf,0.03838147866743385
ItemKNNCFRecommender,101,1918,rp3beta,tfidf,0.040456114748404166
ItemKNNCFRecommender,41,1918,rp3beta,bm25plus,0.0424649440874423
ItemKNNCFRecommender,102,1605,rp3beta,tfidf,0.040393857408178545
ItemKNNCFRecommender,93,1321,rp3beta,bm25plus,0.04063206364954731
ItemKNNCFRecommender,136,1837,rp3beta,tfidf,0.03951531238834087
ItemKNNCFRecommender,70,804,rp3beta,tfidf,0.04142254121766742
ItemKNNCFRecommender,50,1897,rp3beta,bm25plus,0.042174196012305265
ItemKNNCFRecommender,167,1456,rp3beta,tfidf,0.038723364150545565
ItemKNNCFRecommender,170,929,rp3beta,tfidf,0.03853012533777741
ItemKNNCFRecommender,184,221,rp3beta,bm25plus,0.038381355190127614
ItemKNNCFRecommender,113,584,rp3beta,tfidf,0.04002988162129787
ItemKNNCFRecommender,50,1151,rp3beta,tfidf,0.042323691039104196
ItemKNNCFRecommender,144,1911,rp3beta,tfidf,0.039301094907534945
ItemKNNCFRecommender,116,1766,rp3beta,bm25plus,0.040099792535943334
ItemKNNCFRecommender,164,1331,rp3beta,tfidf,0.03877137230514332
ItemKNNCFRecommender,20,1910,rp3beta,bm25plus,0.043283476696841884
ItemKNNCFRecommender,102,1957,rp3beta,bm25plus,0.0404485333346002
ItemKNNCFRecommender,32,115,rp3beta,bm25plus,0.043612371148221356
ItemKNNCFRecommender,122,1382,rp3beta,tfidf,0.03978442702845842
ItemKNNCFRecommender,197,717,rp3beta,tfidf,0.03796154293183984
ItemKNNCFRecommender,15,116,rp3beta,bm25plus,0.04381284912273545
ItemKNNCFRecommender,92,1616,rp3beta,tfidf,0.040702171679714065
ItemKNNCFRecommender,136,1951,rp3beta,bm25plus,0.03960388719887589
ItemKNNCFRecommender,99,848,rp3beta,bm25plus,0.040422344706495035
ItemKNNCFRecommender,183,1912,rp3beta,tfidf,0.03837636251725355
ItemKNNCFRecommender,143,1099,rp3beta,bm25plus,0.039356099144794814
ItemKNNCFRecommender,78,1297,rp3beta,tfidf,0.041167014525814956
ItemKNNCFRecommender,109,1560,rp3beta,bm25plus,0.04024263412734167
ItemKNNCFRecommender,147,989,rp3beta,tfidf,0.03916006681958406
ItemKNNCFRecommender,16,1556,rp3beta,bm25plus,0.043373807280792466
ItemKNNCFRecommender,93,182,rp3beta,tfidf,0.040972599457706295
ItemKNNCFRecommender,200,1940,rp3beta,tfidf,0.0380201582990475
ItemKNNCFRecommender,132,421,rp3beta,bm25plus,0.039604088665256436
ItemKNNCFRecommender,190,1486,rp3beta,bm25plus,0.03838997785316176
ItemKNNCFRecommender,152,1817,rp3beta,bm25plus,0.039228620163356674
ItemKNNCFRecommender,64,665,rp3beta,tfidf,0.04169933738526501
ItemKNNCFRecommender,93,477,rp3beta,tfidf,0.040783775345240476
ItemKNNCFRecommender,122,429,rp3beta,bm25plus,0.03986835236566974
ItemKNNCFRecommender,169,1759,rp3beta,tfidf,0.03870779932589866
ItemKNNCFRecommender,193,1013,rp3beta,bm25plus,0.038209987426971716
ItemKNNCFRecommender,72,1811,rp3beta,tfidf,0.04143448698068347
ItemKNNCFRecommender,178,1253,rp3beta,tfidf,0.03842216700981282
ItemKNNCFRecommender,132,556,rp3beta,bm25plus,0.03959170322008699
ItemKNNCFRecommender,99,1886,rp3beta,bm25plus,0.040540036617512994
ItemKNNCFRecommender,200,1223,rp3beta,tfidf,0.03796750164306395
ItemKNNCFRecommender,32,987,rp3beta,bm25plus,0.04292590147492049
ItemKNNCFRecommender,25,1164,rp3beta,tfidf,0.043445890986339074
ItemKNNCFRecommender,18,1135,rp3beta,tfidf,0.04383342847731497
ItemKNNCFRecommender,20,1103,rp3beta,bm25plus,0.04337406339117755
ItemKNNCFRecommender,183,762,rp3beta,bm25plus,0.03836191839176046
ItemKNNCFRecommender,113,198,rp3beta,tfidf,0.04015910826384287
ItemKNNCFRecommender,177,221,rp3beta,bm25plus,0.03860146142209606
ItemKNNCFRecommender,172,937,rp3beta,bm25plus,0.0386792403907354
ItemKNNCFRecommender,142,587,rp3beta,bm25plus,0.039344380509673475
ItemKNNCFRecommender,156,1451,rp3beta,tfidf,0.03898949408124418
ItemKNNCFRecommender,87,1273,rp3beta,tfidf,0.0408952917956436
ItemKNNCFRecommender,49,1205,rp3beta,bm25plus,0.04217824357586141
ItemKNNCFRecommender,102,385,rp3beta,bm25plus,0.0405479880630528
ItemKNNCFRecommender,108,1862,rp3beta,bm25plus,0.0403051525087151
ItemKNNCFRecommender,69,1219,rp3beta,tfidf,0.04144776669018935
ItemKNNCFRecommender,12,322,rp3beta,tfidf,0.04443905194792408
ItemKNNCFRecommender,171,477,rp3beta,bm25plus,0.038681451251542466
ItemKNNCFRecommender,84,426,rp3beta,bm25plus,0.04111671979477413
ItemKNNCFRecommender,40,1960,rp3beta,bm25plus,0.042515705860665276
ItemKNNCFRecommender,121,1215,rp3beta,bm25plus,0.03988915281144547
ItemKNNCFRecommender,116,1552,rp3beta,tfidf,0.039965647600707664
ItemKNNCFRecommender,196,111,rp3beta,bm25plus,0.0384396654593795
ItemKNNCFRecommender,16,858,rp3beta,bm25plus,0.04363466148513596
ItemKNNCFRecommender,20,1031,rp3beta,tfidf,0.04369741525746046
ItemKNNCFRecommender,50,1098,rp3beta,tfidf,0.042318752069080194
ItemKNNCFRecommender,26,441,rp3beta,tfidf,0.043730421659953445
ItemKNNCFRecommender,151,309,rp3beta,tfidf,0.03906921650554528
ItemKNNCFRecommender,182,197,rp3beta,tfidf,0.03829126813886203
ItemKNNCFRecommender,107,131,rp3beta,bm25plus,0.04079644859719684
ItemKNNCFRecommender,78,1341,rp3beta,bm25plus,0.041116558216778544
ItemKNNCFRecommender,72,1629,rp3beta,tfidf,0.04138048158592209
ItemKNNCFRecommender,44,1876,rp3beta,tfidf,0.0425775304671653
ItemKNNCFRecommender,79,358,rp3beta,bm25plus,0.04131441008122983
ItemKNNCFRecommender,104,1837,rp3beta,bm25plus,0.04037879392919074
ItemKNNCFRecommender,124,1566,rp3beta,tfidf,0.039774109022370906
ItemKNNCFRecommender,71,1921,rp3beta,tfidf,0.041469456881944734
ItemKNNCFRecommender,160,774,rp3beta,bm25plus,0.03888979161456252
ItemKNNCFRecommender,126,1750,rp3beta,tfidf,0.039722358156811535
ItemKNNCFRecommender,131,417,rp3beta,tfidf,0.03961834908679406
ItemKNNCFRecommender,143,1215,rp3beta,bm25plus,0.0394224645305462
ItemKNNCFRecommender,52,1833,rp3beta,tfidf,0.04221235793140531
ItemKNNCFRecommender,60,1423,rp3beta,bm25plus,0.04176287504563609
ItemKNNCFRecommender,188,412,rp3beta,tfidf,0.03812318358096526
ItemKNNCFRecommender,42,394,rp3beta,tfidf,0.042973275958613416
ItemKNNCFRecommender,157,1108,rp3beta,tfidf,0.03891051310928539
ItemKNNCFRecommender,131,380,rp3beta,bm25plus,0.039639281615170587
ItemKNNCFRecommender,15,1333,rp3beta,tfidf,0.043972521558265844
ItemKNNCFRecommender,110,951,rp3beta,bm25plus,0.04009522112729418
ItemKNNCFRecommender,89,1082,rp3beta,bm25plus,0.04085009324727671
ItemKNNCFRecommender,64,111,rp3beta,bm25plus,0.04246112387179088
ItemKNNCFRecommender,173,1470,rp3beta,tfidf,0.03855630304867064
ItemKNNCFRecommender,48,1560,rp3beta,tfidf,0.04233915323716064
ItemKNNCFRecommender,149,823,rp3beta,bm25plus,0.03912075663079793
ItemKNNCFRecommender,71,1009,rp3beta,tfidf,0.04139432983155574
ItemKNNCFRecommender,145,827,rp3beta,tfidf,0.03915674949418988
ItemKNNCFRecommender,154,1253,rp3beta,tfidf,0.038988531542232634
ItemKNNCFRecommender,122,1797,rp3beta,bm25plus,0.03997007370939682
ItemKNNCFRecommender,135,164,rp3beta,bm25plus,0.039755269747148964
ItemKNNCFRecommender,60,1075,rp3beta,tfidf,0.041863012301734996
ItemKNNCFRecommender,167,1409,rp3beta,bm25plus,0.038860846611367426
ItemKNNCFRecommender,168,1806,rp3beta,bm25plus,0.03888238751446008
ItemKNNCFRecommender,122,1360,rp3beta,bm25plus,0.03990097845479993
ItemKNNCFRecommender,142,1124,rp3beta,tfidf,0.03932001935701889
ItemKNNCFRecommender,42,418,rp3beta,bm25plus,0.042853986320242794
ItemKNNCFRecommender,118,364,rp3beta,tfidf,0.03995199392599219
ItemKNNCFRecommender,175,1729,rp3beta,tfidf,0.03855901964085374
ItemKNNCFRecommender,188,1889,rp3beta,tfidf,0.038291618624098626
ItemKNNCFRecommender,73,556,rp3beta,tfidf,0.041369136549779424
ItemKNNCFRecommender,39,1236,rp3beta,tfidf,0.04286823872317979
ItemKNNCFRecommender,171,1971,rp3beta,bm25plus,0.03882954626361576
ItemKNNCFRecommender,200,831,rp3beta,tfidf,0.03790524482524926
ItemKNNCFRecommender,54,263,rp3beta,tfidf,0.042576943595952245
ItemKNNCFRecommender,137,445,rp3beta,tfidf,0.039434919148086556
ItemKNNCFRecommender,178,1194,rp3beta,bm25plus,0.0386127656866442
ItemKNNCFRecommender,182,1741,rp3beta,tfidf,0.03838932221338256
ItemKNNCFRecommender,166,1913,rp3beta,bm25plus,0.03893301431824123
ItemKNNCFRecommender,141,1134,rp3beta,tfidf,0.039341560258300774
ItemKNNCFRecommender,53,1744,rp3beta,tfidf,0.04217696158572117
ItemKNNCFRecommender,12,785,rp3beta,tfidf,0.04424352018973568
ItemKNNCFRecommender,25,1411,rp3beta,bm25plus,0.043174595436221264
ItemKNNCFRecommender,82,849,rp3beta,tfidf,0.0410185553602608
ItemKNNCFRecommender,86,107,rp3beta,tfidf,0.041473423609422744
ItemKNNCFRecommender,151,328,rp3beta,bm25plus,0.03919140266547689
ItemKNNCFRecommender,126,1334,rp3beta,bm25plus,0.0398074070383698
ItemKNNCFRecommender,176,909,rp3beta,bm25plus,0.03855691588198778
ItemKNNCFRecommender,86,382,rp3beta,bm25plus,0.041108613137952464
ItemKNNCFRecommender,124,1015,rp3beta,tfidf,0.03974273607307765
ItemKNNCFRecommender,171,1531,rp3beta,tfidf,0.03861364361681077
ItemKNNCFRecommender,165,1228,rp3beta,tfidf,0.03871029802744485
ItemKNNCFRecommender,16,145,rp3beta,bm25plus,0.043938436508437234
ItemKNNCFRecommender,34,458,rp3beta,tfidf,0.04334356951103358
ItemKNNCFRecommender,170,688,rp3beta,bm25plus,0.038644105450619116
ItemKNNCFRecommender,157,500,rp3beta,bm25plus,0.03899021877524072
ItemKNNCFRecommender,198,649,rp3beta,bm25plus,0.03806281228008773
ItemKNNCFRecommender,136,634,rp3beta,bm25plus,0.03948310358514486
ItemKNNCFRecommender,55,432,rp3beta,bm25plus,0.04228736046192954
ItemKNNCFRecommender,36,993,rp3beta,bm25plus,0.042764868732876514
ItemKNNCFRecommender,175,612,rp3beta,bm25plus,0.038536114830957785
ItemKNNCFRecommender,90,1118,rp3beta,tfidf,0.04078883506145703
ItemKNNCFRecommender,199,1952,rp3beta,bm25plus,0.03827225743905818
ItemKNNCFRecommender,197,313,rp3beta,bm25plus,0.0381332248287596
ItemKNNCFRecommender,192,366,rp3beta,bm25plus,0.03835558135450812
ItemKNNCFRecommender,192,585,rp3beta,bm25plus,0.038183167856812084
ItemKNNCFRecommender,128,215,rp3beta,bm25plus,0.039815724045274434
ItemKNNCFRecommender,189,876,rp3beta,bm25plus,0.03829419895982567
ItemKNNCFRecommender,11,339,rp3beta,bm25plus,0.0440819416776356
ItemKNNCFRecommender,163,355,rp3beta,bm25plus,0.038914119406252855
ItemKNNCFRecommender,59,1750,rp3beta,bm25plus,0.041835554885909836
ItemKNNCFRecommender,12,1605,rp3beta,tfidf,0.04392699072122284
ItemKNNCFRecommender,185,1919,rp3beta,bm25plus,0.03857105942199692
ItemKNNCFRecommender,162,1938,rp3beta,tfidf,0.03889464270908871
ItemKNNCFRecommender,199,1598,rp3beta,tfidf,0.037999031744345935
ItemKNNCFRecommender,178,189,rp3beta,tfidf,0.03839034367392125
ItemKNNCFRecommender,190,758,rp3beta,bm25plus,0.0382315484302106
ItemKNNCFRecommender,137,1991,rp3beta,tfidf,0.039499781506372324
ItemKNNCFRecommender,59,1286,rp3beta,tfidf,0.04182455431369697
ItemKNNCFRecommender,103,1261,rp3beta,bm25plus,0.04037134328516966
ItemKNNCFRecommender,44,1367,rp3beta,bm25plus,0.04237699637150019
ItemKNNCFRecommender,82,1915,rp3beta,tfidf,0.041098921153568814
ItemKNNCFRecommender,142,281,rp3beta,tfidf,0.03930919080739904
ItemKNNCFRecommender,152,182,rp3beta,tfidf,0.03901158888707285
ItemKNNCFRecommender,193,376,rp3beta,tfidf,0.0380084252410379
ItemKNNCFRecommender,141,1491,rp3beta,tfidf,0.039354429019161
ItemKNNCFRecommender,108,1742,rp3beta,tfidf,0.04022327711615658
ItemKNNCFRecommender,187,406,rp3beta,tfidf,0.0381237186329955
ItemKNNCFRecommender,64,910,rp3beta,tfidf,0.0416654473563342
ItemKNNCFRecommender,73,841,rp3beta,bm25plus,0.041228570954417905
ItemKNNCFRecommender,17,692,rp3beta,tfidf,0.044044206561493576
ItemKNNCFRecommender,31,1077,rp3beta,tfidf,0.04322606668697685
ItemKNNCFRecommender,67,922,rp3beta,bm25plus,0.041474411113249475
ItemKNNCFRecommender,27,1948,rp3beta,tfidf,0.04332495189468838
ItemKNNCFRecommender,65,931,rp3beta,tfidf,0.04164462193080424
ItemKNNCFRecommender,55,1023,rp3beta,bm25plus,0.04195813239728593
ItemKNNCFRecommender,79,1503,rp3beta,tfidf,0.04116340668243868
ItemKNNCFRecommender,134,519,rp3beta,bm25plus,0.03955686487539398
ItemKNNCFRecommender,141,1565,rp3beta,bm25plus,0.03951264768867733
ItemKNNCFRecommender,118,906,rp3beta,tfidf,0.03986925664544808
ItemKNNCFRecommender,69,1524,rp3beta,tfidf,0.041480438387968645
ItemKNNCFRecommender,106,564,rp3beta,tfidf,0.040212404057033004
ItemKNNCFRecommender,50,1412,rp3beta,tfidf,0.04229854001421728
ItemKNNCFRecommender,61,1955,rp3beta,tfidf,0.04185243715628481
ItemKNNCFRecommender,122,1259,rp3beta,tfidf,0.03980340302550762
ItemKNNCFRecommender,56,813,rp3beta,tfidf,0.042017786892843974
ItemKNNCFRecommender,124,1487,rp3beta,bm25plus,0.03983587484179437
ItemKNNCFRecommender,84,1638,rp3beta,tfidf,0.040986249435707965
ItemKNNCFRecommender,64,1246,rp3beta,bm25plus,0.04162937909192981
ItemKNNCFRecommender,187,1405,rp3beta,tfidf,0.038270205984664935
ItemKNNCFRecommender,24,1050,rp3beta,bm25plus,0.043333203222222845
ItemKNNCFRecommender,95,410,rp3beta,tfidf,0.04076903642831697
ItemKNNCFRecommender,128,1374,rp3beta,bm25plus,0.03973229909355434
ItemKNNCFRecommender,140,1695,rp3beta,tfidf,0.03939199229831535
ItemKNNCFRecommender,112,1826,rp3beta,bm25plus,0.040186915806822154
ItemKNNCFRecommender,127,1492,rp3beta,bm25plus,0.03975205854496758
ItemKNNCFRecommender,104,1804,rp3beta,bm25plus,0.040367151963988074
ItemKNNCFRecommender,190,818,rp3beta,tfidf,0.03807691842968735
ItemKNNCFRecommender,137,821,rp3beta,tfidf,0.03938843032615175
ItemKNNCFRecommender,64,447,rp3beta,bm25plus,0.0418816701975944
ItemKNNCFRecommender,23,1528,rp3beta,bm25plus,0.04318765567608735
ItemKNNCFRecommender,141,806,rp3beta,tfidf,0.03926621789492483
