recommender,shrink,topk,similarity,normalization,MAP
ItemKNNCFRecommender,76,391,rp3beta,bm25plus,0.041413680770279376
ItemKNNCFRecommender,128,412,rp3beta,tfidf,0.03968272250600183
ItemKNNCFRecommender,162,1217,rp3beta,bm25plus,0.03891249169504659
ItemKNNCFRecommender,153,674,rp3beta,bm25plus,0.039044154466166305
ItemKNNCFRecommender,159,1218,rp3beta,tfidf,0.03887459819739393
ItemKNNCFRecommender,60,574,rp3beta,tfidf,0.04206157241329167
ItemKNNCFRecommender,88,551,rp3beta,bm25plus,0.04086252455369959
ItemKNNCFRecommender,85,764,rp3beta,tfidf,0.040949369472795975
ItemKNNCFRecommender,78,1991,rp3beta,bm25plus,0.04116316384283089
ItemKNNCFRecommender,92,922,rp3beta,tfidf,0.04069636859625191
ItemKNNCFRecommender,166,1741,rp3beta,tfidf,0.038750871660329776
ItemKNNCFRecommender,160,310,rp3beta,bm25plus,0.03896249555545531
ItemKNNCFRecommender,36,130,rp3beta,tfidf,0.043592796636170376
ItemKNNCFRecommender,39,632,rp3beta,bm25plus,0.042902017588582725
ItemKNNCFRecommender,137,405,rp3beta,tfidf,0.03941426055680311
ItemKNNCFRecommender,68,1440,rp3beta,tfidf,0.041464910226701845
ItemKNNCFRecommender,16,1546,rp3beta,bm25plus,0.043341937864090095
ItemKNNCFRecommender,48,162,rp3beta,bm25plus,0.04288757628700599
ItemKNNCFRecommender,99,100,rp3beta,bm25plus,0.04118585893822885
ItemKNNCFRecommender,153,543,rp3beta,tfidf,0.038969406649913364
ItemKNNCFRecommender,66,569,rp3beta,tfidf,0.04171339415480677
ItemKNNCFRecommender,188,263,rp3beta,bm25plus,0.038332856026273954
ItemKNNCFRecommender,156,1036,rp3beta,bm25plus,0.03903611646790577
ItemKNNCFRecommender,178,998,rp3beta,tfidf,0.038371266456807405
ItemKNNCFRecommender,98,266,rp3beta,bm25plus,0.040698029044607655
ItemKNNCFRecommender,40,611,rp3beta,tfidf,0.04297054203542438
ItemKNNCFRecommender,127,1556,rp3beta,bm25plus,0.03976434906571293
ItemKNNCFRecommender,91,201,rp3beta,bm25plus,0.04110438714163071
ItemKNNCFRecommender,182,516,rp3beta,bm25plus,0.038433441889876636
ItemKNNCFRecommender,80,154,rp3beta,bm25plus,0.04171916119462931
ItemKNNCFRecommender,160,186,rp3beta,bm25plus,0.03897435678477388
ItemKNNCFRecommender,104,813,rp3beta,tfidf,0.04031118962187208
ItemKNNCFRecommender,67,557,rp3beta,tfidf,0.04166153883331321
ItemKNNCFRecommender,11,1722,rp3beta,bm25plus,0.0435310032507416
ItemKNNCFRecommender,95,1049,rp3beta,bm25plus,0.04058772383930867
ItemKNNCFRecommender,157,389,rp3beta,bm25plus,0.03907108856745786
ItemKNNCFRecommender,167,1965,rp3beta,tfidf,0.03874902634504312
ItemKNNCFRecommender,156,725,rp3beta,bm25plus,0.03894775105362369
ItemKNNCFRecommender,16,1295,rp3beta,tfidf,0.04384855766962507
ItemKNNCFRecommender,151,1924,rp3beta,bm25plus,0.039261699913886595
ItemKNNCFRecommender,17,469,rp3beta,tfidf,0.04425172612500961
ItemKNNCFRecommender,139,405,rp3beta,tfidf,0.03934673026841654
ItemKNNCFRecommender,155,1246,rp3beta,tfidf,0.038969391007009975
ItemKNNCFRecommender,169,946,rp3beta,tfidf,0.038546904117818255
ItemKNNCFRecommender,118,1574,rp3beta,bm25plus,0.04001539665992746
ItemKNNCFRecommender,14,1792,rp3beta,bm25plus,0.04342043597441195
ItemKNNCFRecommender,78,266,rp3beta,bm25plus,0.041527724031469
ItemKNNCFRecommender,185,677,rp3beta,bm25plus,0.038278235417920886
ItemKNNCFRecommender,124,586,rp3beta,tfidf,0.03974575804796212
ItemKNNCFRecommender,35,970,rp3beta,bm25plus,0.042791626177328096
ItemKNNCFRecommender,121,1149,rp3beta,bm25plus,0.03984545237562598
ItemKNNCFRecommender,62,1226,rp3beta,bm25plus,0.04173730675835518
ItemKNNCFRecommender,113,273,rp3beta,bm25plus,0.040230874728321674
ItemKNNCFRecommender,186,1322,rp3beta,bm25plus,0.03846897408730674
ItemKNNCFRecommender,119,1466,rp3beta,tfidf,0.039903821487183334
ItemKNNCFRecommender,185,617,rp3beta,bm25plus,0.038339962895368264
ItemKNNCFRecommender,80,781,rp3beta,tfidf,0.041101292400876135
ItemKNNCFRecommender,54,905,rp3beta,tfidf,0.04209148704561991
ItemKNNCFRecommender,122,853,rp3beta,tfidf,0.03976262626756478
ItemKNNCFRecommender,138,974,rp3beta,bm25plus,0.03942537154967011
ItemKNNCFRecommender,133,307,rp3beta,tfidf,0.0395426360583609
ItemKNNCFRecommender,41,316,rp3beta,tfidf,0.04315711051501584
ItemKNNCFRecommender,36,309,rp3beta,tfidf,0.04337603242369931
ItemKNNCFRecommender,124,431,rp3beta,bm25plus,0.03982318295868965
ItemKNNCFRecommender,140,1713,rp3beta,tfidf,0.039404362625708574
ItemKNNCFRecommender,57,1562,rp3beta,bm25plus,0.04186904440400208
ItemKNNCFRecommender,98,330,rp3beta,tfidf,0.04067948821271317
ItemKNNCFRecommender,76,1528,rp3beta,tfidf,0.041256379659920024
ItemKNNCFRecommender,79,1940,rp3beta,bm25plus,0.0411146095107509
ItemKNNCFRecommender,13,1898,rp3beta,bm25plus,0.04343432937690431
ItemKNNCFRecommender,139,1078,rp3beta,tfidf,0.03936877474669512
ItemKNNCFRecommender,143,232,rp3beta,bm25plus,0.03937401076574356
ItemKNNCFRecommender,101,854,rp3beta,bm25plus,0.04037304978174209
ItemKNNCFRecommender,132,1223,rp3beta,bm25plus,0.03964594554677594
ItemKNNCFRecommender,103,1991,rp3beta,bm25plus,0.040435395516254934
ItemKNNCFRecommender,66,1261,rp3beta,tfidf,0.041561414966597994
ItemKNNCFRecommender,57,1937,rp3beta,bm25plus,0.04192185697204056
ItemKNNCFRecommender,37,119,rp3beta,bm25plus,0.04340013645057198
ItemKNNCFRecommender,88,988,rp3beta,tfidf,0.040866661421914245
ItemKNNCFRecommender,188,1622,rp3beta,bm25plus,0.03845988286374865
ItemKNNCFRecommender,127,917,rp3beta,bm25plus,0.039698695961039206
ItemKNNCFRecommender,88,1739,rp3beta,bm25plus,0.04087030174485603
ItemKNNCFRecommender,153,1831,rp3beta,bm25plus,0.03922125123545439
ItemKNNCFRecommender,92,1833,rp3beta,tfidf,0.04075764418234013
ItemKNNCFRecommender,94,1224,rp3beta,bm25plus,0.04060724937646452
ItemKNNCFRecommender,24,648,rp3beta,bm25plus,0.04350261105294793
ItemKNNCFRecommender,24,161,rp3beta,tfidf,0.04403031909067424
ItemKNNCFRecommender,118,472,rp3beta,bm25plus,0.0400002224135206
ItemKNNCFRecommender,110,887,rp3beta,bm25plus,0.04008543069243879
ItemKNNCFRecommender,179,516,rp3beta,tfidf,0.0383295624135384
ItemKNNCFRecommender,91,280,rp3beta,tfidf,0.04090722548707343
ItemKNNCFRecommender,157,398,rp3beta,bm25plus,0.03906093096733649
ItemKNNCFRecommender,37,540,rp3beta,tfidf,0.04316020388727104
ItemKNNCFRecommender,58,118,rp3beta,bm25plus,0.042659671442315895
ItemKNNCFRecommender,103,1592,rp3beta,tfidf,0.04038478209280353
ItemKNNCFRecommender,73,167,rp3beta,tfidf,0.04181291190575781
ItemKNNCFRecommender,166,1919,rp3beta,tfidf,0.038778471702493496
ItemKNNCFRecommender,61,566,rp3beta,tfidf,0.04198123292840004
ItemKNNCFRecommender,37,1637,rp3beta,tfidf,0.04294860487773903
ItemKNNCFRecommender,16,1396,rp3beta,bm25plus,0.04344911617591524
