recommender,shrink,topk,similarity,normalization,MAP
ItemKNNCFRecommender,22,1896,rp3beta,tfidf,0.017736354329003067
ItemKNNCFRecommender,76,1626,rp3beta,bm25plus,0.016687224910638357
ItemKNNCFRecommender,58,1682,rp3beta,bm25plus,0.016966652641091366
ItemKNNCFRecommender,145,1662,rp3beta,tfidf,0.015919615819180225
ItemKNNCFRecommender,123,662,rp3beta,bm25plus,0.01603743208119077
ItemKNNCFRecommender,41,446,rp3beta,bm25plus,0.017484735617008935
ItemKNNCFRecommender,123,1220,rp3beta,bm25plus,0.016042390182090232
ItemKNNCFRecommender,103,346,rp3beta,tfidf,0.016513239538367325
ItemKNNCFRecommender,191,1232,rp3beta,tfidf,0.015469418215118056
ItemKNNCFRecommender,104,1501,rp3beta,bm25plus,0.016302742630213255
ItemKNNCFRecommender,12,874,rp3beta,tfidf,0.01802954298315114
ItemKNNCFRecommender,11,908,rp3beta,tfidf,0.018049175010350065
ItemKNNCFRecommender,15,837,rp3beta,tfidf,0.017974262039907266
ItemKNNCFRecommender,10,918,rp3beta,tfidf,0.01805490824264208
ItemKNNCFRecommender,49,105,rp3beta,tfidf,0.01752129111160505
ItemKNNCFRecommender,79,1047,rp3beta,tfidf,0.016730873649523956
ItemKNNCFRecommender,34,647,rp3beta,tfidf,0.01764496256521649
ItemKNNCFRecommender,178,1265,rp3beta,tfidf,0.015578782698732424
ItemKNNCFRecommender,65,969,rp3beta,tfidf,0.016934820179194465
ItemKNNCFRecommender,25,734,rp3beta,tfidf,0.017792054448992036
ItemKNNCFRecommender,86,408,rp3beta,tfidf,0.016731828878747117
ItemKNNCFRecommender,10,890,rp3beta,tfidf,0.01804317389778692
ItemKNNCFRecommender,10,1091,rp3beta,tfidf,0.018036449290558587
ItemKNNCFRecommender,33,1387,rp3beta,tfidf,0.017529470215164118
ItemKNNCFRecommender,48,514,rp3beta,tfidf,0.017406002254840295
ItemKNNCFRecommender,29,890,rp3beta,tfidf,0.017651559860068083
ItemKNNCFRecommender,59,1084,rp3beta,tfidf,0.017065537384933497
ItemKNNCFRecommender,41,815,rp3beta,tfidf,0.017445143391680868
ItemKNNCFRecommender,10,559,rp3beta,tfidf,0.018226530246683106
ItemKNNCFRecommender,26,174,rp3beta,tfidf,0.01791173110776572
ItemKNNCFRecommender,158,552,rp3beta,tfidf,0.01571431010887821
ItemKNNCFRecommender,10,666,rp3beta,tfidf,0.018155885684279057
ItemKNNCFRecommender,18,615,rp3beta,tfidf,0.017970193814543418
ItemKNNCFRecommender,23,1946,rp3beta,tfidf,0.017710682045065658
ItemKNNCFRecommender,45,268,rp3beta,bm25plus,0.017547791202068064
ItemKNNCFRecommender,67,709,rp3beta,tfidf,0.01696035223855324
ItemKNNCFRecommender,38,757,rp3beta,bm25plus,0.017323867975995444
ItemKNNCFRecommender,22,523,rp3beta,tfidf,0.017916185331878266
ItemKNNCFRecommender,53,985,rp3beta,bm25plus,0.017030901699506263
ItemKNNCFRecommender,31,1136,rp3beta,tfidf,0.017595838560459157
ItemKNNCFRecommender,135,1764,rp3beta,bm25plus,0.015962794765411646
ItemKNNCFRecommender,13,959,rp3beta,tfidf,0.017988370049677932
ItemKNNCFRecommender,11,777,rp3beta,tfidf,0.018071265907838224
ItemKNNCFRecommender,20,608,rp3beta,tfidf,0.017934735819605977
ItemKNNCFRecommender,20,432,rp3beta,tfidf,0.018050598869028687
ItemKNNCFRecommender,36,339,rp3beta,tfidf,0.01774984913457832
ItemKNNCFRecommender,20,427,rp3beta,tfidf,0.018062994013604314
ItemKNNCFRecommender,29,780,rp3beta,tfidf,0.0176927827565706
ItemKNNCFRecommender,92,254,rp3beta,tfidf,0.016711756778836382
ItemKNNCFRecommender,10,688,rp3beta,bm25plus,0.017954904799710764
ItemKNNCFRecommender,111,523,rp3beta,tfidf,0.016292892795982946
ItemKNNCFRecommender,21,424,rp3beta,tfidf,0.01804691841882732
ItemKNNCFRecommender,19,356,rp3beta,tfidf,0.018087739960803987
ItemKNNCFRecommender,40,367,rp3beta,tfidf,0.01768563745551693
ItemKNNCFRecommender,17,278,rp3beta,tfidf,0.01814178854162994
ItemKNNCFRecommender,18,279,rp3beta,tfidf,0.018122127168479066
ItemKNNCFRecommender,55,100,rp3beta,tfidf,0.017430482726067172
ItemKNNCFRecommender,16,273,rp3beta,tfidf,0.01813192478433118
ItemKNNCFRecommender,28,227,rp3beta,tfidf,0.01790289276731917
ItemKNNCFRecommender,45,301,rp3beta,tfidf,0.0176139757192911
ItemKNNCFRecommender,34,204,rp3beta,tfidf,0.017778750745202746
ItemKNNCFRecommender,15,354,rp3beta,tfidf,0.018168249890782206
ItemKNNCFRecommender,16,163,rp3beta,tfidf,0.018017347487462296
ItemKNNCFRecommender,16,345,rp3beta,tfidf,0.018153759684443018
ItemKNNCFRecommender,25,484,rp3beta,tfidf,0.01790357930584945
ItemKNNCFRecommender,16,289,rp3beta,tfidf,0.018154136323646264
ItemKNNCFRecommender,32,586,rp3beta,tfidf,0.017733432158440397
ItemKNNCFRecommender,13,145,rp3beta,tfidf,0.01807540704289087
ItemKNNCFRecommender,181,474,rp3beta,tfidf,0.01549637065208088
ItemKNNCFRecommender,41,342,rp3beta,bm25plus,0.017595339215476253
ItemKNNCFRecommender,26,390,rp3beta,tfidf,0.017951890410350425
ItemKNNCFRecommender,17,301,rp3beta,tfidf,0.018155883215536812
ItemKNNCFRecommender,15,212,rp3beta,tfidf,0.018096358999226653
ItemKNNCFRecommender,25,306,rp3beta,tfidf,0.01798681491447527
ItemKNNCFRecommender,17,256,rp3beta,tfidf,0.018116545305209234
ItemKNNCFRecommender,10,464,rp3beta,tfidf,0.018222381997000305
ItemKNNCFRecommender,31,571,rp3beta,tfidf,0.01776645714585953
ItemKNNCFRecommender,11,386,rp3beta,tfidf,0.018230722270734454
ItemKNNCFRecommender,10,500,rp3beta,tfidf,0.0182018424262862
ItemKNNCFRecommender,10,650,rp3beta,tfidf,0.018166616457129994
ItemKNNCFRecommender,10,681,rp3beta,bm25plus,0.017954884336742735
ItemKNNCFRecommender,24,635,rp3beta,tfidf,0.017878484115481253
ItemKNNCFRecommender,10,468,rp3beta,tfidf,0.018221407987612653
ItemKNNCFRecommender,10,480,rp3beta,tfidf,0.01821242350145592
ItemKNNCFRecommender,10,474,rp3beta,tfidf,0.018217637838620616
ItemKNNCFRecommender,10,485,rp3beta,tfidf,0.01820770635244957
ItemKNNCFRecommender,23,538,rp3beta,tfidf,0.017921241086486014
ItemKNNCFRecommender,27,473,rp3beta,tfidf,0.017854230533581563
ItemKNNCFRecommender,13,495,rp3beta,tfidf,0.018154642170668398
ItemKNNCFRecommender,37,399,rp3beta,tfidf,0.017735983261091822
ItemKNNCFRecommender,160,452,rp3beta,tfidf,0.015704053564864217
ItemKNNCFRecommender,11,556,rp3beta,tfidf,0.018194587379735477
ItemKNNCFRecommender,10,599,rp3beta,tfidf,0.01819662587689262
ItemKNNCFRecommender,22,564,rp3beta,tfidf,0.017901282363770494
ItemKNNCFRecommender,10,599,rp3beta,tfidf,0.01819662587689262
ItemKNNCFRecommender,21,437,rp3beta,tfidf,0.018027091022063135
ItemKNNCFRecommender,29,610,rp3beta,tfidf,0.01779376856734134
ItemKNNCFRecommender,10,840,rp3beta,tfidf,0.0180755016940502
ItemKNNCFRecommender,20,507,rp3beta,bm25plus,0.01784241089303937
ItemKNNCFRecommender,76,725,rp3beta,tfidf,0.01679772252440633
ItemKNNCFRecommender,14,1495,rp3beta,tfidf,0.017874355264036024
ItemKNNCFRecommender,10,534,rp3beta,tfidf,0.01820591562107879
ItemKNNCFRecommender,14,604,rp3beta,tfidf,0.01807910096460724
ItemKNNCFRecommender,20,526,rp3beta,tfidf,0.017981046802929727
ItemKNNCFRecommender,10,394,rp3beta,tfidf,0.01824554633560561
ItemKNNCFRecommender,24,393,rp3beta,tfidf,0.017976645409288488
ItemKNNCFRecommender,14,432,rp3beta,tfidf,0.018156265785644846
ItemKNNCFRecommender,19,490,rp3beta,tfidf,0.018028957787594283
ItemKNNCFRecommender,199,457,rp3beta,tfidf,0.015334840293604752
ItemKNNCFRecommender,118,389,rp3beta,tfidf,0.016244242312906446
ItemKNNCFRecommender,33,548,rp3beta,tfidf,0.017713072921444202
ItemKNNCFRecommender,12,632,rp3beta,tfidf,0.01812788389759219
ItemKNNCFRecommender,10,508,rp3beta,tfidf,0.018189435592871547
ItemKNNCFRecommender,18,573,rp3beta,tfidf,0.01798203168002575
ItemKNNCFRecommender,14,699,rp3beta,tfidf,0.01803351138293662
ItemKNNCFRecommender,27,461,rp3beta,tfidf,0.017863867477588658
ItemKNNCFRecommender,10,412,rp3beta,tfidf,0.01824638419810563
ItemKNNCFRecommender,22,319,rp3beta,tfidf,0.018053984284603558
ItemKNNCFRecommender,67,371,rp3beta,bm25plus,0.01704699019672346
ItemKNNCFRecommender,17,414,rp3beta,tfidf,0.018119362749443722
ItemKNNCFRecommender,14,1307,rp3beta,tfidf,0.017883307580690747
ItemKNNCFRecommender,11,526,rp3beta,tfidf,0.018180917109963113
ItemKNNCFRecommender,96,593,rp3beta,tfidf,0.01650952785996106
ItemKNNCFRecommender,10,480,rp3beta,tfidf,0.01821242350145592
ItemKNNCFRecommender,18,465,rp3beta,tfidf,0.018062146987161933
ItemKNNCFRecommender,22,420,rp3beta,tfidf,0.01802525485667689
ItemKNNCFRecommender,14,490,rp3beta,tfidf,0.018131843198471397
ItemKNNCFRecommender,133,369,rp3beta,tfidf,0.016046828670974924
ItemKNNCFRecommender,10,650,rp3beta,tfidf,0.018166616457129994
ItemKNNCFRecommender,27,538,rp3beta,tfidf,0.01786296841057847
ItemKNNCFRecommender,17,324,rp3beta,tfidf,0.018131868867161328
ItemKNNCFRecommender,13,439,rp3beta,tfidf,0.018165796833732796
ItemKNNCFRecommender,10,568,rp3beta,tfidf,0.018207474553568564
ItemKNNCFRecommender,10,482,rp3beta,tfidf,0.018210648364167897
ItemKNNCFRecommender,19,497,rp3beta,tfidf,0.01802449256014756
ItemKNNCFRecommender,24,465,rp3beta,tfidf,0.017942519815936985
ItemKNNCFRecommender,15,401,rp3beta,tfidf,0.018163608053921
ItemKNNCFRecommender,10,556,rp3beta,tfidf,0.018226827557202303
ItemKNNCFRecommender,21,557,rp3beta,tfidf,0.01794371478503728
ItemKNNCFRecommender,16,367,rp3beta,bm25plus,0.01802579455073619
ItemKNNCFRecommender,30,429,rp3beta,tfidf,0.01784910838393222
ItemKNNCFRecommender,10,514,rp3beta,tfidf,0.018204191147719987
ItemKNNCFRecommender,13,538,rp3beta,tfidf,0.01814953489095206
ItemKNNCFRecommender,10,457,rp3beta,tfidf,0.01823625455564914
ItemKNNCFRecommender,18,342,rp3beta,tfidf,0.018117711250999327
ItemKNNCFRecommender,14,1792,rp3beta,tfidf,0.017892538066008518
ItemKNNCFRecommender,23,449,rp3beta,tfidf,0.017991189467539272
ItemKNNCFRecommender,18,387,rp3beta,tfidf,0.018096799568898817
ItemKNNCFRecommender,10,478,rp3beta,tfidf,0.018214205662231146
ItemKNNCFRecommender,14,458,rp3beta,tfidf,0.018138645248640617
ItemKNNCFRecommender,21,411,rp3beta,tfidf,0.018050319364502503
ItemKNNCFRecommender,10,573,rp3beta,tfidf,0.018196514270857337
ItemKNNCFRecommender,10,495,rp3beta,tfidf,0.01820236399163203
ItemKNNCFRecommender,16,479,rp3beta,tfidf,0.01806923325611406
ItemKNNCFRecommender,14,538,rp3beta,tfidf,0.018119685474296876
ItemKNNCFRecommender,18,624,rp3beta,tfidf,0.017977105809842412
ItemKNNCFRecommender,10,418,rp3beta,tfidf,0.01823179917801002
ItemKNNCFRecommender,14,334,rp3beta,tfidf,0.018183952104938807
ItemKNNCFRecommender,25,414,rp3beta,tfidf,0.017975323966947118
ItemKNNCFRecommender,20,371,rp3beta,tfidf,0.018063812915205955
ItemKNNCFRecommender,10,450,rp3beta,tfidf,0.018225936596823897
ItemKNNCFRecommender,10,454,rp3beta,tfidf,0.01822879393332519
ItemKNNCFRecommender,14,410,rp3beta,tfidf,0.018172717462815322
ItemKNNCFRecommender,10,449,rp3beta,tfidf,0.01822445361630393
ItemKNNCFRecommender,17,440,rp3beta,tfidf,0.018099029926246825
ItemKNNCFRecommender,14,241,rp3beta,tfidf,0.01811897012491381
ItemKNNCFRecommender,10,461,rp3beta,tfidf,0.018221104723661497
ItemKNNCFRecommender,20,315,rp3beta,bm25plus,0.01794025785930012
ItemKNNCFRecommender,14,376,rp3beta,tfidf,0.018152710499392714
ItemKNNCFRecommender,17,450,rp3beta,tfidf,0.01808431743706859
ItemKNNCFRecommender,10,405,rp3beta,tfidf,0.018236983669992785
ItemKNNCFRecommender,10,403,rp3beta,tfidf,0.018232316936525005
ItemKNNCFRecommender,13,354,rp3beta,tfidf,0.01821022183955287
ItemKNNCFRecommender,17,403,rp3beta,tfidf,0.018120543173185445
ItemKNNCFRecommender,10,296,rp3beta,tfidf,0.018195141333263772
ItemKNNCFRecommender,14,435,rp3beta,tfidf,0.01815329330681286
ItemKNNCFRecommender,23,389,rp3beta,tfidf,0.017990435934064533
ItemKNNCFRecommender,10,520,rp3beta,tfidf,0.018211024660533648
ItemKNNCFRecommender,20,447,rp3beta,tfidf,0.018030526770606486
ItemKNNCFRecommender,14,353,rp3beta,tfidf,0.01817671642233369
ItemKNNCFRecommender,17,1143,rp3beta,tfidf,0.017851848236961964
ItemKNNCFRecommender,62,483,rp3beta,tfidf,0.017135116946966164
ItemKNNCFRecommender,10,423,rp3beta,tfidf,0.018241916618104634
ItemKNNCFRecommender,10,419,rp3beta,tfidf,0.018231001627098994
ItemKNNCFRecommender,13,412,rp3beta,tfidf,0.018187847747102293
ItemKNNCFRecommender,10,389,rp3beta,tfidf,0.018244582801278636
ItemKNNCFRecommender,16,330,rp3beta,tfidf,0.018150204728454588
ItemKNNCFRecommender,76,385,rp3beta,tfidf,0.016929632699302793
ItemKNNCFRecommender,20,429,rp3beta,tfidf,0.018061377139904505
ItemKNNCFRecommender,13,277,rp3beta,tfidf,0.01815765522753393
ItemKNNCFRecommender,10,351,rp3beta,tfidf,0.018247366575083707
ItemKNNCFRecommender,10,357,rp3beta,tfidf,0.018238136903110987
ItemKNNCFRecommender,10,324,rp3beta,tfidf,0.01824044854003204
ItemKNNCFRecommender,16,197,rp3beta,tfidf,0.018064972625479046
ItemKNNCFRecommender,13,304,rp3beta,tfidf,0.018200925985083424
ItemKNNCFRecommender,10,350,rp3beta,tfidf,0.018241692669680253
ItemKNNCFRecommender,17,242,rp3beta,tfidf,0.018113063901557373
ItemKNNCFRecommender,13,352,rp3beta,tfidf,0.01820791954216784
ItemKNNCFRecommender,10,328,rp3beta,tfidf,0.018247170504408272
ItemKNNCFRecommender,21,276,rp3beta,bm25plus,0.017935384689540354
ItemKNNCFRecommender,14,337,rp3beta,tfidf,0.01817935298859055
ItemKNNCFRecommender,10,377,rp3beta,tfidf,0.018257039053862698
ItemKNNCFRecommender,10,307,rp3beta,tfidf,0.018217277065068715
ItemKNNCFRecommender,17,370,rp3beta,tfidf,0.018121946766179117
ItemKNNCFRecommender,10,386,rp3beta,tfidf,0.01824517881950441
ItemKNNCFRecommender,164,331,rp3beta,tfidf,0.015703705228442905
ItemKNNCFRecommender,14,384,rp3beta,tfidf,0.01816196594081194
ItemKNNCFRecommender,86,295,rp3beta,tfidf,0.016799786985113307
ItemKNNCFRecommender,17,370,rp3beta,tfidf,0.018121946766179117
ItemKNNCFRecommender,10,254,rp3beta,tfidf,0.01817431157688212
ItemKNNCFRecommender,14,406,rp3beta,tfidf,0.01815718694385021
ItemKNNCFRecommender,10,341,rp3beta,tfidf,0.018238460528609012
ItemKNNCFRecommender,10,332,rp3beta,tfidf,0.01825250383846874
ItemKNNCFRecommender,14,338,rp3beta,tfidf,0.018179776123925795
ItemKNNCFRecommender,18,320,rp3beta,tfidf,0.018121662927769275
ItemKNNCFRecommender,10,269,rp3beta,tfidf,0.018189995464470806
ItemKNNCFRecommender,14,360,rp3beta,tfidf,0.01816997983814479
ItemKNNCFRecommender,13,392,rp3beta,tfidf,0.018184323084020803
ItemKNNCFRecommender,19,309,rp3beta,tfidf,0.018111298619539713
ItemKNNCFRecommender,10,206,rp3beta,tfidf,0.018132186456821884
ItemKNNCFRecommender,16,351,rp3beta,tfidf,0.01815254817275057
ItemKNNCFRecommender,10,397,rp3beta,tfidf,0.01824088297911101
ItemKNNCFRecommender,10,407,rp3beta,tfidf,0.0182408057165817
ItemKNNCFRecommender,10,411,rp3beta,tfidf,0.0182453801301183
ItemKNNCFRecommender,13,408,rp3beta,tfidf,0.018185899383852615
ItemKNNCFRecommender,10,383,rp3beta,tfidf,0.01824338668701996
ItemKNNCFRecommender,14,372,rp3beta,tfidf,0.018167376783868556
ItemKNNCFRecommender,17,398,rp3beta,tfidf,0.018118059216172645
ItemKNNCFRecommender,10,331,rp3beta,tfidf,0.018253953518724685
ItemKNNCFRecommender,13,323,rp3beta,tfidf,0.018209273748904915
ItemKNNCFRecommender,21,345,rp3beta,tfidf,0.018046744997293657
ItemKNNCFRecommender,10,374,rp3beta,tfidf,0.018254728331334177
ItemKNNCFRecommender,10,412,rp3beta,tfidf,0.01824638419810563
ItemKNNCFRecommender,10,284,rp3beta,tfidf,0.018193924535771903
ItemKNNCFRecommender,15,375,rp3beta,tfidf,0.018147604565559212
ItemKNNCFRecommender,14,346,rp3beta,tfidf,0.018185299936117425
ItemKNNCFRecommender,10,306,rp3beta,tfidf,0.0182083720132976
ItemKNNCFRecommender,17,412,rp3beta,tfidf,0.01812535620178356
ItemKNNCFRecommender,13,382,rp3beta,tfidf,0.018177230738319627
ItemKNNCFRecommender,10,242,rp3beta,tfidf,0.018176775899558326
ItemKNNCFRecommender,18,336,rp3beta,bm25plus,0.017968722857829772
ItemKNNCFRecommender,10,424,rp3beta,tfidf,0.018238755299597634
ItemKNNCFRecommender,13,429,rp3beta,tfidf,0.018171582364746492
ItemKNNCFRecommender,10,379,rp3beta,tfidf,0.018242423448158684
ItemKNNCFRecommender,14,368,rp3beta,tfidf,0.018177556843208844
ItemKNNCFRecommender,10,392,rp3beta,tfidf,0.018244201431292677
ItemKNNCFRecommender,16,315,rp3beta,tfidf,0.018157285714806865
ItemKNNCFRecommender,13,360,rp3beta,tfidf,0.018206867413435978
ItemKNNCFRecommender,10,279,rp3beta,tfidf,0.018189504241413256
ItemKNNCFRecommender,17,386,rp3beta,tfidf,0.018116858385939703
